﻿<?xml version="1.0" encoding="utf-8"?>

<ArrayOfTarifa xmlns:xsd="http://www.w3.org/2001/XMLSchema"
			   xmlns:xsi="http://www.w3.org/2001/XMLSchema-instance">
	
	<Tarifa Id="1" Bloqueado="false" Eliminado="false">
		<Desde>2024-01-01</Desde>
		<Hasta>2024-03-31</Hasta>
		<MontoKilometro>100</MontoKilometro>
		<Coeficientes>
			<Coeficiente>
				<NivelTarifario>Empresarial</NivelTarifario>
				<Valor>5</Valor>
			</Coeficiente>
			<Coeficiente>
				<NivelTarifario>Gubernamental</NivelTarifario>
				<Valor>10</Valor>
			</Coeficiente>
			<Coeficiente>
				<NivelTarifario>Particular</NivelTarifario>
				<Valor>2</Valor>
			</Coeficiente>
		</Coeficientes>
	</Tarifa>
	
	<Tarifa Id="2" Bloqueado="false" Eliminado="false">
		<Desde>2024-04-01</Desde>
		<Hasta>2024-06-30</Hasta>
		<MontoKilometro>150</MontoKilometro>
		<Coeficientes>
			<Coeficiente>
				<NivelTarifario>Empresarial</NivelTarifario>
				<Valor>6</Valor>
			</Coeficiente>
			<Coeficiente>
				<NivelTarifario>Gubernamental</NivelTarifario>
				<Valor>12</Valor>
			</Coeficiente>
			<Coeficiente>
				<NivelTarifario>Particular</NivelTarifario>
				<Valor>3</Valor>
			</Coeficiente>
		</Coeficientes>
	</Tarifa>
	
	<Tarifa Id="3" Bloqueado="false" Eliminado="false">
		<Desde>2024-07-01</Desde>
		<Hasta>2024-09-30</Hasta>
		<MontoKilometro>225</MontoKilometro>
		<Coeficientes>
			<Coeficiente>
				<NivelTarifario>Particular</NivelTarifario>
				<Valor>5</Valor>
			</Coeficiente>
			<Coeficiente>
				<NivelTarifario>Gubernamental</NivelTarifario>
				<Valor>17</Valor>
			</Coeficiente>
			<Coeficiente>
				<NivelTarifario>Empresarial</NivelTarifario>
				<Valor>9</Valor>
			</Coeficiente>
		</Coeficientes>
	</Tarifa>
	
	<Tarifa Id="4" Bloqueado="false" Eliminado="false">
		<Desde>2024-10-01</Desde>
		<Hasta>2024-12-31</Hasta>
		<MontoKilometro>337</MontoKilometro>
		<Coeficientes>
			<Coeficiente>
				<NivelTarifario>Empresarial</NivelTarifario>
				<Valor>12</Valor>
			</Coeficiente>
			<Coeficiente>
				<NivelTarifario>Gubernamental</NivelTarifario>
				<Valor>24</Valor>
			</Coeficiente>
			<Coeficiente>
				<NivelTarifario>Particular</NivelTarifario>
				<Valor>7</Valor>
			</Coeficiente>
		</Coeficientes>
	</Tarifa>
	
	<Tarifa Id="5" Bloqueado="false" Eliminado="false">
		<Desde>2025-01-01</Desde>
		<Hasta>2025-06-30</Hasta>
		<MontoKilometro>506</MontoKilometro>
		<Coeficientes>
			<Coeficiente>
				<NivelTarifario>Empresarial</NivelTarifario>
				<Valor>6</Valor>
			</Coeficiente>
			<Coeficiente>
				<NivelTarifario>Gubernamental</NivelTarifario>
				<Valor>9</Valor>
			</Coeficiente>
			<Coeficiente>
				<NivelTarifario>Particular</NivelTarifario>
				<Valor>3</Valor>
			</Coeficiente>
		</Coeficientes>
	</Tarifa>
	
	<Tarifa Id="6" Bloqueado="false" Eliminado="false">
		<Desde>2025-07-01</Desde>
		<Hasta>2025-12-31</Hasta>
		<MontoKilometro>759</MontoKilometro>
		<Coeficientes>
			<Coeficiente>
				<NivelTarifario>Empresarial</NivelTarifario>
				<Valor>10</Valor>
			</Coeficiente>
			<Coeficiente>
				<NivelTarifario>Gubernamental</NivelTarifario>
				<Valor>15</Valor>
			</Coeficiente>
			<Coeficiente>
				<NivelTarifario>Particular</NivelTarifario>
				<Valor>3</Valor>
			</Coeficiente>
		</Coeficientes>
	</Tarifa>
	
	<Tarifa Id="7" Bloqueado="false" Eliminado="false">
		<Desde>2026-01-01</Desde>
		<Hasta>2026-12-31</Hasta>
		<MontoKilometro>1139</MontoKilometro>
		<Coeficientes>
			<Coeficiente>
				<NivelTarifario>Gubernamental</NivelTarifario>
				<Valor>8</Valor>
			</Coeficiente>
			<Coeficiente>
				<NivelTarifario>Empresarial</NivelTarifario>
				<Valor>4</Valor>
			</Coeficiente>
			<Coeficiente>
				<NivelTarifario>Particular</NivelTarifario>
				<Valor>2</Valor>
			</Coeficiente>
		</Coeficientes>
	</Tarifa>
	
</ArrayOfTarifa>